Season,Locations,Env,Variety,Population,RM,Final Plant Acres,Repetition,REND,Yield
2009-10,Venado Tuerto,1,DM 4670,15,Medium 4,60000,I,4384,65.4
2009-10,Venado Tuerto,1,DM 4670,25,Medium 4,100000,I,4438,66.2
2009-10,Venado Tuerto,1,DM 4670,35,Medium 4,140000,I,4379,65.4
2009-10,Venado Tuerto,1,DM 4670,45,Medium 4,180000,I,4047,60.4
2009-10,Venado Tuerto,1,DM 4670,15,Medium 4,60000,II,4206,62.8
2009-10,Venado Tuerto,1,DM 4670,25,Medium 4,100000,II,4438,66.2
2009-10,Venado Tuerto,1,DM 4670,35,Medium 4,140000,II,4260,63.6
2009-10,Venado Tuerto,1,DM 4670,45,Medium 4,180000,II,4166,62.2
2009-10,Venado Tuerto,1,DM 4670,15,Medium 4,60000,III,4206,62.8
2009-10,Venado Tuerto,1,DM 4670,25,Medium 4,100000,III,4497,67.1
2009-10,Venado Tuerto,1,DM 4670,35,Medium 4,140000,III,4201,62.7
2009-10,Venado Tuerto,1,DM 4670,45,Medium 4,180000,III,4345,64.8
2009-10,Venado Tuerto,1,DM 4970,15,Late 4,60000,I,3483,52
2009-10,Venado Tuerto,1,DM 4970,25,Late 4,100000,I,3810,56.9
2009-10,Venado Tuerto,1,DM 4970,35,Late 4,140000,I,3869,57.7
2009-10,Venado Tuerto,1,DM 4970,45,Late 4,180000,I,3647,54.4
2009-10,Venado Tuerto,1,DM 4970,15,Late 4,60000,II,3425,51.1
2009-10,Venado Tuerto,1,DM 4970,25,Late 4,100000,II,3869,57.7
2009-10,Venado Tuerto,1,DM 4970,35,Late 4,140000,II,3634,54.2
2009-10,Venado Tuerto,1,DM 4970,45,Late 4,180000,II,3765,56.2
2009-10,Venado Tuerto,1,DM 4970,15,Late 4,60000,III,3600,53.7
2009-10,Venado Tuerto,1,DM 4970,25,Late 4,100000,III,4103,61.2
2009-10,Venado Tuerto,1,DM 4970,35,Late 4,140000,III,3869,57.7
2009-10,Venado Tuerto,1,DM 4970,45,Late 4,180000,III,3529,52.7
2009-10,Bouquet,2,DM 4670,15,Medium 4,60000,I,3601,53.8
2009-10,Bouquet,2,DM 4670,25,Medium 4,100000,I,3740,55.8
2009-10,Bouquet,2,DM 4670,35,Medium 4,140000,I,4061,60.6
2009-10,Bouquet,2,DM 4670,45,Medium 4,180000,I,3796,56.7
2009-10,Bouquet,2,DM 4670,15,Medium 4,60000,II,3565,53.2
2009-10,Bouquet,2,DM 4670,25,Medium 4,100000,II,3813,56.9
2009-10,Bouquet,2,DM 4670,35,Medium 4,140000,II,3878,57.9
2009-10,Bouquet,2,DM 4670,45,Medium 4,180000,II,3759,56.1
2009-10,Bouquet,2,DM 4670,15,Medium 4,60000,III,3565,53.2
2009-10,Bouquet,2,DM 4670,25,Medium 4,100000,III,3703,55.3
2009-10,Bouquet,2,DM 4670,35,Medium 4,140000,III,3951,59
2009-10,Bouquet,2,DM 4670,45,Medium 4,180000,III,3723,55.6
2009-10,Bouquet,2,DM 4970,15,Late 4,60000,I,3090,46.1
2009-10,Bouquet,2,DM 4970,25,Late 4,100000,I,3483,52
2009-10,Bouquet,2,DM 4970,35,Late 4,140000,I,3581,53.4
2009-10,Bouquet,2,DM 4970,45,Late 4,180000,I,3553,53
2009-10,Bouquet,2,DM 4970,15,Late 4,60000,II,3127,46.7
2009-10,Bouquet,2,DM 4970,25,Late 4,100000,II,3447,51.4
2009-10,Bouquet,2,DM 4970,35,Late 4,140000,II,3618,54
2009-10,Bouquet,2,DM 4970,45,Late 4,180000,II,3406,50.8
2009-10,Bouquet,2,DM 4970,15,Late 4,60000,III,3164,47.2
2009-10,Bouquet,2,DM 4970,25,Late 4,100000,III,3483,52
2009-10,Bouquet,2,DM 4970,35,Late 4,140000,III,3654,54.5
2009-10,Bouquet,2,DM 4970,45,Late 4,180000,III,3553,53
2009-10,RIO IV,3,DM 4670,15,Medium 4,60000,I,1872,27.9
2009-10,RIO IV,3,DM 4670,25,Medium 4,100000,I,1680,25.1
2009-10,RIO IV,3,DM 4670,35,Medium 4,140000,I,1835,27.4
2009-10,RIO IV,3,DM 4670,45,Medium 4,180000,I,1992,29.7
2009-10,RIO IV,3,DM 4670,15,Medium 4,60000,II,1872,27.9
2009-10,RIO IV,3,DM 4670,25,Medium 4,100000,II,2048,30.6
2009-10,RIO IV,3,DM 4670,35,Medium 4,140000,II,2488,37.1
2009-10,RIO IV,3,DM 4670,45,Medium 4,180000,II,2642,39.4
2009-10,RIO IV,3,DM 4670,15,Medium 4,60000,III,1872,27.9
2009-10,RIO IV,3,DM 4670,25,Medium 4,100000,III,2130,31.8
2009-10,RIO IV,3,DM 4670,35,Medium 4,140000,III,2447,36.5
2009-10,RIO IV,3,DM 4670,45,Medium 4,180000,III,2682,40
2009-10,RIO IV,3,DM 4970,15,Late 4,60000,I,2422,36.2
2009-10,RIO IV,3,DM 4970,25,Late 4,100000,I,2663,39.7
2009-10,RIO IV,3,DM 4970,35,Late 4,140000,I,2713,40.5
2009-10,RIO IV,3,DM 4970,45,Late 4,180000,I,2858,42.7
2009-10,RIO IV,3,DM 4970,15,Late 4,60000,II,2381,35.5
2009-10,RIO IV,3,DM 4970,25,Late 4,100000,II,2540,37.9
2009-10,RIO IV,3,DM 4970,35,Late 4,140000,II,2795,41.7
2009-10,RIO IV,3,DM 4970,45,Late 4,180000,II,3021,45.1
2009-10,RIO IV,3,DM 4970,15,Late 4,60000,III,2340,34.9
2009-10,RIO IV,3,DM 4970,25,Late 4,100000,III,2417,36.1
2009-10,RIO IV,3,DM 4970,35,Late 4,140000,III,2631,39.3
2009-10,RIO IV,3,DM 4970,45,Late 4,180000,III,2695,40.2
2010-11,Chacabuco,4,DM 3810,15,Late 3,60000,I,6153,91.8
2010-11,Chacabuco,4,DM 3810,25,Late 3,100000,I,5483,81.8
2010-11,Chacabuco,4,DM 3810,35,Late 3,140000,I,5665,84.6
2010-11,Chacabuco,4,DM 3810,45,Late 3,180000,I,5483,81.8
2010-11,Chacabuco,4,DM 4670,15,Medium 4,60000,I,5015,74.8
2010-11,Chacabuco,4,DM 4670,25,Medium 4,100000,I,5317,79.4
2010-11,Chacabuco,4,DM 4670,35,Medium 4,140000,I,5353,79.9
2010-11,Chacabuco,4,DM 4670,45,Medium 4,180000,I,5266,78.6
2010-11,Chacabuco,4,DM 4970,15,Late 4,60000,I,5094,76
2010-11,Chacabuco,4,DM 4970,25,Late 4,100000,I,5123,76.5
2010-11,Chacabuco,4,DM 4970,35,Late 4,140000,I,5275,78.7
2010-11,Chacabuco,4,DM 4970,45,Late 4,180000,I,5207,77.7
2010-11,Chacabuco,4,DM 3810,15,Late 3,60000,II,5483,81.8
2010-11,Chacabuco,4,DM 3810,25,Late 3,100000,II,5483,81.8
2010-11,Chacabuco,4,DM 3810,35,Late 3,140000,II,5483,81.8
2010-11,Chacabuco,4,DM 3810,45,Late 3,180000,II,5544,82.7
2010-11,Chacabuco,4,DM 4670,15,Medium 4,60000,II,5196,77.6
2010-11,Chacabuco,4,DM 4670,25,Medium 4,100000,II,5129,76.6
2010-11,Chacabuco,4,DM 4670,35,Medium 4,140000,II,5290,79
2010-11,Chacabuco,4,DM 4670,45,Medium 4,180000,II,5329,79.5
2010-11,Chacabuco,4,DM 4970,15,Late 4,60000,II,4784,71.4
2010-11,Chacabuco,4,DM 4970,25,Late 4,100000,II,5184,77.4
2010-11,Chacabuco,4,DM 4970,35,Late 4,140000,II,4964,74.1
2010-11,Chacabuco,4,DM 4970,45,Late 4,180000,II,4897,73.1
2010-11,Chacabuco,4,DM 3810,15,Late 3,60000,III,5604,83.6
2010-11,Chacabuco,4,DM 3810,25,Late 3,100000,III,6031,90
2010-11,Chacabuco,4,DM 3810,35,Late 3,140000,III,5787,86.4
2010-11,Chacabuco,4,DM 3810,45,Late 3,180000,III,5726,85.5
2010-11,Chacabuco,4,DM 4670,15,Medium 4,60000,III,5498,82.1
2010-11,Chacabuco,4,DM 4670,25,Medium 4,100000,III,5567,83.1
2010-11,Chacabuco,4,DM 4670,35,Medium 4,140000,III,5668,84.6
2010-11,Chacabuco,4,DM 4670,45,Medium 4,180000,III,5643,84.2
2010-11,Chacabuco,4,DM 4970,15,Late 4,60000,III,5405,80.7
2010-11,Chacabuco,4,DM 4970,25,Late 4,100000,III,5123,76.5
2010-11,Chacabuco,4,DM 4970,35,Late 4,140000,III,5213,77.8
2010-11,Chacabuco,4,DM 4970,45,Late 4,180000,III,5331,79.6
2010-11,Piamonte,5,DM 3810,15,Late 3,60000,I,3018,45
2010-11,Piamonte,5,DM 3810,25,Late 3,100000,I,2603,38.9
2010-11,Piamonte,5,DM 3810,35,Late 3,140000,I,3313,49.5
2010-11,Piamonte,5,DM 3810,45,Late 3,180000,I,3550,53
2010-11,Piamonte,5,DM 4670,15,Medium 4,60000,I,,0
2010-11,Piamonte,5,DM 4670,25,Medium 4,100000,I,2948,44
2010-11,Piamonte,5,DM 4670,35,Medium 4,140000,I,2771,41.4
2010-11,Piamonte,5,DM 4670,45,Medium 4,180000,I,2771,41.4
2010-11,Piamonte,5,DM 4970,15,Late 4,60000,I,3129,46.7
2010-11,Piamonte,5,DM 4970,25,Late 4,100000,I,2893,43.2
2010-11,Piamonte,5,DM 4970,35,Late 4,140000,I,2715,40.5
2010-11,Piamonte,5,DM 4970,45,Late 4,180000,I,2774,41.4
2010-11,Piamonte,5,DM 3810,15,Late 3,60000,II,2958,44.2
2010-11,Piamonte,5,DM 3810,25,Late 3,100000,II,3254,48.6
2010-11,Piamonte,5,DM 3810,35,Late 3,140000,II,3432,51.2
2010-11,Piamonte,5,DM 3810,45,Late 3,180000,II,3550,53
2010-11,Piamonte,5,DM 4670,15,Medium 4,60000,II,,0
2010-11,Piamonte,5,DM 4670,25,Medium 4,100000,II,2830,42.2
2010-11,Piamonte,5,DM 4670,35,Medium 4,140000,II,2594,38.7
2010-11,Piamonte,5,DM 4670,45,Medium 4,180000,II,2653,39.6
2010-11,Piamonte,5,DM 4970,15,Late 4,60000,II,2834,42.3
2010-11,Piamonte,5,DM 4970,25,Late 4,100000,II,2834,42.3
2010-11,Piamonte,5,DM 4970,35,Late 4,140000,II,3188,47.6
2010-11,Piamonte,5,DM 4970,45,Late 4,180000,II,2420,36.1
2010-11,Piamonte,5,DM 3810,15,Late 3,60000,III,2603,38.9
2010-11,Piamonte,5,DM 3810,25,Late 3,100000,III,3018,45
2010-11,Piamonte,5,DM 3810,35,Late 3,140000,III,3195,47.7
2010-11,Piamonte,5,DM 3810,45,Late 3,180000,III,3491,52.1
2010-11,Piamonte,5,DM 4670,15,Medium 4,60000,III,,0
2010-11,Piamonte,5,DM 4670,25,Medium 4,100000,III,3420,51
2010-11,Piamonte,5,DM 4670,35,Medium 4,140000,III,2653,39.6
2010-11,Piamonte,5,DM 4670,45,Medium 4,180000,III,3125,46.6
2010-11,Piamonte,5,DM 4970,15,Late 4,60000,III,2538,37.9
2010-11,Piamonte,5,DM 4970,25,Late 4,100000,III,2774,41.4
2010-11,Piamonte,5,DM 4970,35,Late 4,140000,III,2715,40.5
2010-11,Piamonte,5,DM 4970,45,Late 4,180000,III,2715,40.5
2010-11,Chaca2da,6,DM 3810,15,Late 3,60000,I,3032,45.3
2010-11,Chaca2da,6,DM 3810,25,Late 3,100000,I,3089,46.1
2010-11,Chaca2da,6,DM 3810,35,Late 3,140000,I,3219,48
2010-11,Chaca2da,6,DM 3810,45,Late 3,180000,I,3432,51.2
2010-11,Chaca2da,6,DM 4670,15,Medium 4,60000,I,3584,53.5
2010-11,Chaca2da,6,DM 4670,25,Medium 4,100000,I,3723,55.6
2010-11,Chaca2da,6,DM 4670,35,Medium 4,140000,I,3854,57.5
2010-11,Chaca2da,6,DM 4670,45,Medium 4,180000,I,3926,58.6
2010-11,Chaca2da,6,DM 3810,15,Late 3,60000,II,3167,47.3
2010-11,Chaca2da,6,DM 3810,25,Late 3,100000,II,3156,47.1
2010-11,Chaca2da,6,DM 3810,35,Late 3,140000,II,3286,49
2010-11,Chaca2da,6,DM 3810,45,Late 3,180000,II,3500,52.2
2010-11,Chaca2da,6,DM 4670,15,Medium 4,60000,II,3651,54.5
2010-11,Chaca2da,6,DM 4670,25,Medium 4,100000,II,3520,52.5
2010-11,Chaca2da,6,DM 4670,35,Medium 4,140000,II,3719,55.5
2010-11,Chaca2da,6,DM 4670,45,Medium 4,180000,II,3791,56.6
2010-11,Chaca2da,6,DM 3810,15,Late 3,60000,III,2965,44.3
2010-11,Chaca2da,6,DM 3810,25,Late 3,100000,III,2887,43.1
2010-11,Chaca2da,6,DM 3810,35,Late 3,140000,III,3085,46
2010-11,Chaca2da,6,DM 3810,45,Late 3,180000,III,2894,43.2
2010-11,Chaca2da,6,DM 4670,15,Medium 4,60000,III,3043,45.4
2010-11,Chaca2da,6,DM 4670,25,Medium 4,100000,III,3114,46.5
2010-11,Chaca2da,6,DM 4670,35,Medium 4,140000,III,3110,46.4
2010-11,Chaca2da,6,DM 4670,45,Medium 4,180000,III,3182,47.5
2011-12,V.Mackenna,7,DM 4612,15,Medium 4,60000,I,6416,95.8
2011-12,V.Mackenna,7,DM 4612,25,Medium 4,100000,I,5554,82.9
2011-12,V.Mackenna,7,DM 4612,35,Medium 4,140000,I,5815,86.8
2011-12,V.Mackenna,7,DM 4612,45,Medium 4,180000,I,5537,82.6
2011-12,V.Mackenna,7,DM 4712,15,Medium 4,60000,I,5611,83.7
2011-12,V.Mackenna,7,DM 4712,25,Medium 4,100000,I,5370,80.1
2011-12,V.Mackenna,7,DM 4712,35,Medium 4,140000,I,5152,76.9
2011-12,V.Mackenna,7,DM 4712,45,Medium 4,180000,I,5265,78.6
2011-12,V.Mackenna,7,DM 5.1,15,Early 5,60000,I,4614,68.9
2011-12,V.Mackenna,7,DM 5.1,25,Early 5,100000,I,5056,75.5
2011-12,V.Mackenna,7,DM 5.1,35,Early 5,140000,I,4639,69.2
2011-12,V.Mackenna,7,DM 5.1,45,Early 5,180000,I,4891,73
2011-12,V.Mackenna,7,DM 4612,15,Medium 4,60000,II,6579,98.2
2011-12,V.Mackenna,7,DM 4612,25,Medium 4,100000,II,5142,76.7
2011-12,V.Mackenna,7,DM 4612,35,Medium 4,140000,II,5175,77.2
2011-12,V.Mackenna,7,DM 4612,45,Medium 4,180000,II,5908,88.2
2011-12,V.Mackenna,7,DM 4712,15,Medium 4,60000,II,5459,81.5
2011-12,V.Mackenna,7,DM 4712,25,Medium 4,100000,II,5370,80.1
2011-12,V.Mackenna,7,DM 4712,35,Medium 4,140000,II,4987,74.4
2011-12,V.Mackenna,7,DM 4712,45,Medium 4,180000,II,5402,80.6
2011-12,V.Mackenna,7,DM 5.1,15,Early 5,60000,II,4649,69.4
2011-12,V.Mackenna,7,DM 5.1,25,Early 5,100000,II,4925,73.5
2011-12,V.Mackenna,7,DM 5.1,35,Early 5,140000,II,4604,68.7
2011-12,V.Mackenna,7,DM 5.1,45,Early 5,180000,II,4540,67.8
2011-12,V.Mackenna,7,DM 4612,15,Medium 4,60000,III,5718,85.3
2011-12,V.Mackenna,7,DM 4612,25,Medium 4,100000,III,5113,76.3
2011-12,V.Mackenna,7,DM 4612,35,Medium 4,140000,III,5439,81.2
2011-12,V.Mackenna,7,DM 4612,45,Medium 4,180000,III,5704,85.1
2011-12,V.Mackenna,7,DM 4712,15,Medium 4,60000,III,5916,88.3
2011-12,V.Mackenna,7,DM 4712,25,Medium 4,100000,III,5318,79.4
2011-12,V.Mackenna,7,DM 4712,35,Medium 4,140000,III,4993,74.5
2011-12,V.Mackenna,7,DM 4712,45,Medium 4,180000,III,6183,92.3
2011-12,V.Mackenna,7,DM 5.1,15,Early 5,60000,III,4667,69.7
2011-12,V.Mackenna,7,DM 5.1,25,Early 5,100000,III,4787,71.5
2011-12,V.Mackenna,7,DM 5.1,35,Early 5,140000,III,4654,69.5
2011-12,V.Mackenna,7,DM 5.1,45,Early 5,180000,III,4929,73.6
2011-12,T. Lauquen,8,DM 4210,15,Early 4,60000,I,5162,77
2011-12,T. Lauquen,8,DM 4210,25,Early 4,100000,I,5334,79.6
2011-12,T. Lauquen,8,DM 4210,35,Early 4,140000,I,5132,76.6
2011-12,T. Lauquen,8,DM 4210,45,Early 4,180000,I,5497,82
2011-12,T. Lauquen,8,DM 4612,15,Medium 4,60000,I,5481,81.8
2011-12,T. Lauquen,8,DM 4612,25,Medium 4,100000,I,5318,79.4
2011-12,T. Lauquen,8,DM 4612,35,Medium 4,140000,I,5246,78.3
2011-12,T. Lauquen,8,DM 4612,45,Medium 4,180000,I,5560,83
2011-12,T. Lauquen,8,DM 4712,15,Medium 4,60000,I,5439,81.2
2011-12,T. Lauquen,8,DM 4712,25,Medium 4,100000,I,5524,82.5
2011-12,T. Lauquen,8,DM 4712,35,Medium 4,140000,I,5627,84
2011-12,T. Lauquen,8,DM 4712,45,Medium 4,180000,I,5767,86.1
2011-12,T. Lauquen,8,DM 4210,15,Early 4,60000,II,5162,77
2011-12,T. Lauquen,8,DM 4210,25,Early 4,100000,II,5275,78.7
2011-12,T. Lauquen,8,DM 4210,35,Early 4,140000,II,4953,73.9
2011-12,T. Lauquen,8,DM 4210,45,Early 4,180000,II,5078,75.8
2011-12,T. Lauquen,8,DM 4612,15,Medium 4,60000,II,5300,79.1
2011-12,T. Lauquen,8,DM 4612,25,Medium 4,100000,II,5620,83.9
2011-12,T. Lauquen,8,DM 4612,35,Medium 4,140000,II,5305,79.2
2011-12,T. Lauquen,8,DM 4612,45,Medium 4,180000,II,5801,86.6
2011-12,T. Lauquen,8,DM 4712,15,Medium 4,60000,II,5681,84.8
2011-12,T. Lauquen,8,DM 4712,25,Medium 4,100000,II,5706,85.2
2011-12,T. Lauquen,8,DM 4712,35,Medium 4,140000,II,5627,84
2011-12,T. Lauquen,8,DM 4712,45,Medium 4,180000,II,5646,84.3
2011-12,T. Lauquen,8,DM 4210,15,Early 4,60000,III,5162,77
2011-12,T. Lauquen,8,DM 4210,25,Early 4,100000,III,5304,79.2
2011-12,T. Lauquen,8,DM 4210,35,Early 4,140000,III,5043,75.3
2011-12,T. Lauquen,8,DM 4210,45,Early 4,180000,III,5288,78.9
2011-12,T. Lauquen,8,DM 4612,15,Medium 4,60000,III,5390,80.5
2011-12,T. Lauquen,8,DM 4612,25,Medium 4,100000,III,5469,81.6
2011-12,T. Lauquen,8,DM 4612,35,Medium 4,140000,III,5275,78.7
2011-12,T. Lauquen,8,DM 4612,45,Medium 4,180000,III,5681,84.8
2011-12,T. Lauquen,8,DM 4712,15,Medium 4,60000,III,5560,83
2011-12,T. Lauquen,8,DM 4712,25,Medium 4,100000,III,5615,83.8
2011-12,T. Lauquen,8,DM 4712,35,Medium 4,140000,III,5627,84
2011-12,T. Lauquen,8,DM 4712,45,Medium 4,180000,III,5706,85.2
2011-12,T. Lauquen,8,DM 4210,15,Early 4,60000,I,4711,70.3
2011-12,T. Lauquen,8,DM 4210,25,Early 4,100000,I,5060,75.5
2011-12,T. Lauquen,8,DM 4210,35,Early 4,140000,I,4874,72.8
2011-12,T. Lauquen,8,DM 4210,45,Early 4,180000,I,5005,74.7
2011-12,T. Lauquen,8,DM 4612,15,Medium 4,60000,I,5264,78.6
2011-12,T. Lauquen,8,DM 4612,25,Medium 4,100000,I,5264,78.6
2011-12,T. Lauquen,8,DM 4612,35,Medium 4,140000,I,5056,75.5
2011-12,T. Lauquen,8,DM 4612,45,Medium 4,180000,I,5171,77.2
2011-12,T. Lauquen,8,DM 4712,15,Medium 4,60000,I,4925,73.5
2011-12,T. Lauquen,8,DM 4712,25,Medium 4,100000,I,5188,77.4
2011-12,T. Lauquen,8,DM 4712,35,Medium 4,140000,I,5127,76.5
2011-12,T. Lauquen,8,DM 4712,45,Medium 4,180000,I,5440,81.2
2011-12,T. Lauquen,8,DM 4210,15,Early 4,60000,II,4711,70.3
2011-12,T. Lauquen,8,DM 4210,25,Early 4,100000,II,4885,72.9
2011-12,T. Lauquen,8,DM 4210,35,Early 4,140000,II,4570,68.2
2011-12,T. Lauquen,8,DM 4210,45,Early 4,180000,II,4874,72.8
2011-12,T. Lauquen,8,DM 4612,15,Medium 4,60000,II,5045,75.3
2011-12,T. Lauquen,8,DM 4612,25,Medium 4,100000,II,5264,78.6
2011-12,T. Lauquen,8,DM 4612,35,Medium 4,140000,II,5100,76.1
2011-12,T. Lauquen,8,DM 4612,45,Medium 4,180000,II,5215,77.8
2011-12,T. Lauquen,8,DM 4712,15,Medium 4,60000,II,5056,75.5
2011-12,T. Lauquen,8,DM 4712,25,Medium 4,100000,II,5232,78.1
2011-12,T. Lauquen,8,DM 4712,35,Medium 4,140000,II,5258,78.5
2011-12,T. Lauquen,8,DM 4712,45,Medium 4,180000,II,5264,78.6
2011-12,T. Lauquen,8,DM 4210,15,Early 4,60000,III,4711,70.3
2011-12,T. Lauquen,8,DM 4210,25,Early 4,100000,III,4973,74.2
2011-12,T. Lauquen,8,DM 4210,35,Early 4,140000,III,4722,70.5
2011-12,T. Lauquen,8,DM 4210,45,Early 4,180000,III,4940,73.7
2011-12,T. Lauquen,8,DM 4612,15,Medium 4,60000,III,5155,76.9
2011-12,T. Lauquen,8,DM 4612,25,Medium 4,100000,III,5264,78.6
2011-12,T. Lauquen,8,DM 4612,35,Medium 4,140000,III,5078,75.8
2011-12,T. Lauquen,8,DM 4612,45,Medium 4,180000,III,5193,77.5
2011-12,T. Lauquen,8,DM 4712,15,Medium 4,60000,III,4991,74.5
2011-12,T. Lauquen,8,DM 4712,25,Medium 4,100000,III,5210,77.8
2011-12,T. Lauquen,8,DM 4712,35,Medium 4,140000,III,5193,77.5
2011-12,T. Lauquen,8,DM 4712,45,Medium 4,180000,III,5352,79.9
2011-12,Bustinza,9,DM 4612,45,Medium 4,180000,I,4937,73.7
2011-12,Bustinza,9,DM 4612,35,Medium 4,140000,I,4937,73.7
2011-12,Bustinza,9,DM 4612,25,Medium 4,100000,I,4641,69.3
2011-12,Bustinza,9,DM 3810,45,Late 3,180000,I,4694,70.1
2011-12,Bustinza,9,DM 4712,25,Medium 4,100000,I,5178,77.3
2011-12,Bustinza,9,DM 3810,35,Late 3,140000,I,5201,77.6
2011-12,Bustinza,9,DM 3810,25,Late 3,100000,I,5624,83.9
2011-12,Bustinza,9,DM 4612,15,Medium 4,60000,I,4852,72.4
2011-12,Bustinza,9,DM 3810,15,Late 3,60000,I,4229,63.1
2011-12,Bustinza,9,DM 4712,15,Medium 4,60000,I,4883,72.9
2011-12,Bustinza,9,DM 4712,35,Medium 4,140000,I,4589,68.5
2011-12,Bustinza,9,DM 4712,45,Medium 4,180000,I,4968,74.1
2011-12,Bustinza,9,DM 4612,45,Medium 4,180000,II,5612,83.8
2011-12,Bustinza,9,DM 4612,35,Medium 4,140000,II,5105,76.2
2011-12,Bustinza,9,DM 4612,25,Medium 4,100000,II,5316,79.3
2011-12,Bustinza,9,DM 3810,45,Late 3,180000,II,5286,78.9
2011-12,Bustinza,9,DM 4712,25,Medium 4,100000,II,4799,71.6
2011-12,Bustinza,9,DM 3810,35,Late 3,140000,II,4948,73.9
2011-12,Bustinza,9,DM 3810,25,Late 3,100000,II,4567,68.2
2011-12,Bustinza,9,DM 4612,15,Medium 4,60000,II,4979,74.3
2011-12,Bustinza,9,DM 3810,15,Late 3,60000,II,5244,78.3
2011-12,Bustinza,9,DM 4712,15,Medium 4,60000,II,4799,71.6
2011-12,Bustinza,9,DM 4712,35,Medium 4,140000,II,4926,73.5
2011-12,Bustinza,9,DM 4712,45,Medium 4,180000,II,4547,67.9
2011-12,Bustinza,9,DM 4612,45,Medium 4,180000,III,5485,81.9
2011-12,Bustinza,9,DM 4612,35,Medium 4,140000,III,5358,80
2011-12,Bustinza,9,DM 4612,25,Medium 4,100000,III,5316,79.3
2011-12,Bustinza,9,DM 3810,45,Late 3,180000,III,5159,77
2011-12,Bustinza,9,DM 4712,25,Medium 4,100000,III,4841,72.3
2011-12,Bustinza,9,DM 3810,35,Late 3,140000,III,4482,66.9
2011-12,Bustinza,9,DM 3810,25,Late 3,100000,III,4440,66.3
2011-12,Bustinza,9,DM 4612,15,Medium 4,60000,III,4683,69.9
2011-12,Bustinza,9,DM 3810,15,Late 3,60000,III,4990,74.5
2011-12,Bustinza,9,DM 4712,15,Medium 4,60000,III,4547,67.9
2011-12,Bustinza,9,DM 4712,35,Medium 4,140000,III,4631,69.1
2011-12,Bustinza,9,DM 4712,45,Medium 4,180000,III,4336,64.7
2011-12,Piamonte,10,DM 4612,15,Medium 4,60000,I,5588,83.4
2011-12,Piamonte,10,DM 4612,45,Medium 4,180000,I,5520,82.4
2011-12,Piamonte,10,DM 4612,35,Medium 4,140000,I,5657,84.4
2011-12,Piamonte,10,DM 3810,45,Late 3,180000,I,5793,86.5
2011-12,Piamonte,10,DM 4612,25,Medium 4,100000,I,5588,83.4
2011-12,Piamonte,10,DM 4712,25,Medium 4,100000,I,5310,79.3
2011-12,Piamonte,10,DM 4712,35,Medium 4,140000,I,5378,80.3
2011-12,Piamonte,10,DM 4712,15,Medium 4,60000,I,5242,78.2
2011-12,Piamonte,10,DM 4712,45,Medium 4,180000,I,4969,74.2
2011-12,Piamonte,10,DM 3810,35,Late 3,140000,I,4765,71.1
2011-12,Piamonte,10,DM 3810,15,Late 3,60000,I,4901,73.1
2011-12,Piamonte,10,DM 3810,25,Late 3,100000,I,5242,78.2
2011-12,Piamonte,10,DM 4612,15,Medium 4,60000,II,5520,82.4
2011-12,Piamonte,10,DM 4612,45,Medium 4,180000,II,5725,85.4
2011-12,Piamonte,10,DM 4612,35,Medium 4,140000,II,5725,85.4
2011-12,Piamonte,10,DM 3810,45,Late 3,180000,II,5588,83.4
2011-12,Piamonte,10,DM 4612,25,Medium 4,100000,II,5657,84.4
2011-12,Piamonte,10,DM 4712,25,Medium 4,100000,II,5310,79.3
2011-12,Piamonte,10,DM 4712,35,Medium 4,140000,II,5310,79.3
2011-12,Piamonte,10,DM 4712,15,Medium 4,60000,II,5105,76.2
2011-12,Piamonte,10,DM 4712,45,Medium 4,180000,II,5378,80.3
2011-12,Piamonte,10,DM 3810,35,Late 3,140000,II,5310,79.3
2011-12,Piamonte,10,DM 3810,15,Late 3,60000,II,5105,76.2
2011-12,Piamonte,10,DM 3810,25,Late 3,100000,II,5173,77.2
2011-12,Piamonte,10,DM 4612,15,Medium 4,60000,III,5725,85.4
2011-12,Piamonte,10,DM 4612,45,Medium 4,180000,III,5588,83.4
2011-12,Piamonte,10,DM 4612,35,Medium 4,140000,III,5384,80.4
2011-12,Piamonte,10,DM 3810,45,Late 3,180000,III,5248,78.3
2011-12,Piamonte,10,DM 4612,25,Medium 4,100000,III,5248,78.3
2011-12,Piamonte,10,DM 4712,25,Medium 4,100000,III,5310,79.3
2011-12,Piamonte,10,DM 4712,35,Medium 4,140000,III,5242,78.2
2011-12,Piamonte,10,DM 4712,15,Medium 4,60000,III,5242,78.2
2011-12,Piamonte,10,DM 4712,45,Medium 4,180000,III,5242,78.2
2011-12,Piamonte,10,DM 3810,35,Late 3,140000,III,5310,79.3
2011-12,Piamonte,10,DM 3810,15,Late 3,60000,III,5310,79.3
2011-12,Piamonte,10,DM 3810,25,Late 3,100000,III,4833,72.1
2011-12,Casilda,11,DM 4712,35,Medium 4,140000,I,4035,60.2
2011-12,Casilda,11,DM 4612,35,Medium 4,140000,I,3577,53.4
2011-12,Casilda,11,DM 4712,45,Medium 4,180000,I,3724,55.6
2011-12,Casilda,11,DM 4612,45,Medium 4,180000,I,3733,55.7
2011-12,Casilda,11,DM 4612,25,Medium 4,100000,I,3422,51.1
2011-12,Casilda,11,DM 4712,25,Medium 4,100000,I,3491,52.1
2011-12,Casilda,11,DM 4712,15,Medium 4,60000,I,3336,49.8
2011-12,Casilda,11,DM 3810,45,Late 3,180000,I,3441,51.4
2011-12,Casilda,11,DM 4612,15,Medium 4,60000,I,3111,46.4
2011-12,Casilda,11,DM 3810,35,Late 3,140000,I,2972,44.4
2011-12,Casilda,11,DM 3810,25,Late 3,100000,I,2816,42
2011-12,Casilda,11,DM 3810,15,Late 3,60000,I,2581,38.5
2011-12,Casilda,11,DM 4712,35,Medium 4,140000,II,3879,57.9
2011-12,Casilda,11,DM 4612,35,Medium 4,140000,II,3966,59.2
2011-12,Casilda,11,DM 4712,45,Medium 4,180000,II,3491,52.1
2011-12,Casilda,11,DM 4612,45,Medium 4,180000,II,3266,48.7
2011-12,Casilda,11,DM 4612,25,Medium 4,100000,II,3499,52.2
2011-12,Casilda,11,DM 4712,25,Medium 4,100000,II,3181,47.5
2011-12,Casilda,11,DM 4712,15,Medium 4,60000,II,3103,46.3
2011-12,Casilda,11,DM 3810,45,Late 3,180000,II,2972,44.4
2011-12,Casilda,11,DM 4612,15,Medium 4,60000,II,2955,44.1
2011-12,Casilda,11,DM 3810,35,Late 3,140000,II,2972,44.4
2011-12,Casilda,11,DM 3810,25,Late 3,100000,II,2425,36.2
2011-12,Casilda,11,DM 3810,15,Late 3,60000,II,2659,39.7
2011-12,Casilda,11,DM 4712,35,Medium 4,140000,III,3957,59.1
2011-12,Casilda,11,DM 4612,35,Medium 4,140000,III,3772,56.3
2011-12,Casilda,11,DM 4712,45,Medium 4,180000,III,3608,53.9
2011-12,Casilda,11,DM 4612,45,Medium 4,180000,III,3499,52.2
2011-12,Casilda,11,DM 4612,25,Medium 4,100000,III,3461,51.7
2011-12,Casilda,11,DM 4712,25,Medium 4,100000,III,3336,49.8
2011-12,Casilda,11,DM 4712,15,Medium 4,60000,III,3220,48.1
2011-12,Casilda,11,DM 3810,45,Late 3,180000,III,3207,47.9
2011-12,Casilda,11,DM 4612,15,Medium 4,60000,III,3033,45.3
2011-12,Casilda,11,DM 3810,35,Late 3,140000,III,2972,44.4
2011-12,Casilda,11,DM 3810,25,Late 3,100000,III,2620,39.1
2011-12,Casilda,11,DM 3810,15,Late 3,60000,III,2620,39.1
2011-2012,Chacabuco,12,DM 3810,15,Late 3,60000,I,6131,91.5
2011-2012,Chacabuco,12,DM 3810,25,Late 3,100000,I,6527,97.4
2011-2012,Chacabuco,12,DM 3810,35,Late 3,140000,I,6041,90.2
2011-2012,Chacabuco,12,DM 3810,45,Late 3,180000,I,6182,92.3
2011-2012,Chacabuco,12,DM 4612,15,Medium 4,60000,I,6210,92.7
2011-2012,Chacabuco,12,DM 4612,25,Medium 4,100000,I,6350,94.8
2011-2012,Chacabuco,12,DM 4612,35,Medium 4,140000,I,6017,89.8
2011-2012,Chacabuco,12,DM 4612,45,Medium 4,180000,I,6201,92.5
2011-2012,Chacabuco,12,DM 4712,15,Medium 4,60000,I,5798,86.5
2011-2012,Chacabuco,12,DM 4712,25,Medium 4,100000,I,6350,94.8
2011-2012,Chacabuco,12,DM 4712,35,Medium 4,140000,I,5880,87.8
2011-2012,Chacabuco,12,DM 4712,45,Medium 4,180000,I,6600,98.5
2011-2012,Chacabuco,12,DM 3810,15,Late 3,60000,II,6204,92.6
2011-2012,Chacabuco,12,DM 3810,25,Late 3,100000,II,6380,95.2
2011-2012,Chacabuco,12,DM 3810,35,Late 3,140000,II,6115,91.3
2011-2012,Chacabuco,12,DM 3810,45,Late 3,180000,II,6550,97.8
2011-2012,Chacabuco,12,DM 4612,15,Medium 4,60000,II,6137,91.6
2011-2012,Chacabuco,12,DM 4612,25,Medium 4,100000,II,6649,99.2
2011-2012,Chacabuco,12,DM 4612,35,Medium 4,140000,II,6091,90.9
2011-2012,Chacabuco,12,DM 4612,45,Medium 4,180000,II,6425,95.9
2011-2012,Chacabuco,12,DM 4712,15,Medium 4,60000,II,5943,88.7
2011-2012,Chacabuco,12,DM 4712,25,Medium 4,100000,II,6277,93.7
2011-2012,Chacabuco,12,DM 4712,35,Medium 4,140000,II,6174,92.2
2011-2012,Chacabuco,12,DM 4712,45,Medium 4,180000,II,6527,97.4
2011-2012,Chacabuco,12,DM 3810,15,Late 3,60000,III,6131,91.5
2011-2012,Chacabuco,12,DM 3810,25,Late 3,100000,III,6527,97.4
2011-2012,Chacabuco,12,DM 3810,35,Late 3,140000,III,6484,96.8
2011-2012,Chacabuco,12,DM 3810,45,Late 3,180000,III,6697,100
2011-2012,Chacabuco,12,DM 4612,15,Medium 4,60000,III,6210,92.7
2011-2012,Chacabuco,12,DM 4612,25,Medium 4,100000,III,6051,90.3
2011-2012,Chacabuco,12,DM 4612,35,Medium 4,140000,III,5719,85.4
2011-2012,Chacabuco,12,DM 4612,45,Medium 4,180000,III,6350,94.8
2011-2012,Chacabuco,12,DM 4712,15,Medium 4,60000,III,5508,82.2
2011-2012,Chacabuco,12,DM 4712,25,Medium 4,100000,III,6788,101.3
2011-2012,Chacabuco,12,DM 4712,35,Medium 4,140000,III,6321,94.3
2011-2012,Chacabuco,12,DM 4712,45,Medium 4,180000,III,6600,98.5
